acceleration	accélération
accelerer	accélérer
acces	accès
accessibilite	accessibilité
achevee	achevée
activite	activité
adaptee	adaptée
adaptees	adaptées
adequation	adéquation
agreger	agréger
aimees	aimées
ajoutee	ajoutée
ajustees	ajustées
aleatoire	aléatoire
alteration	altération
altererait	altérerait
alterite	altérité
ambigue	ambiguë
ambiguite	ambiguïté
amelioration	amélioration
ameliorer	améliorer
annees	années
antecedente	antécédente
anterieur	antérieur
anterieure	antérieure
anterieurs	antérieurs
anticipee	anticipée
applicabilite	applicabilité
apprehende	appréhende
appuyee	appuyée
apres	après
arrete	arrête
arreter	arrêter
arriere	arrière
arriere-plan	arriéré-plan
associee	associée
attribuee	attribuée
au-dela	au-delà
auto-evanescence	auto-évanescence
auto-evanouir	auto-évanouir
auto-similarite	auto-similarité
banalite	banalité
barthelemy	Barthelemy
beatles	Beatles
beaute	beauté
beauty	Beauty
bird	Bird
bornee	bornée
breve	brève
brisee	brisée
butee	butée
cachee	cachée
cachees	cachées
calculee	calculée
calibree	calibrée
capacite	capacité
capacites	capacités
caractere	caractère
caracterisant	caractérisant
caracterisations	caractérisations
caracteristique	caractéristique
categorie	catégorie
categories	catégories
categorisent	catégorisent
celine	Céline
classees	classées
claude	Claude
cloture	clôture
coherence	cohérence
coherent	cohérent
coherente	cohérente
coherentes	cohérentes
coincidence	coïncidence
coincident	coïncident
colton	Colton
commandee	commandée
communaute	communauté
compatibilite	compatibilité
competence	compétence
competences	compétences
competente	compétente
complementaire	complémentaire
complementaires	complémentaires
complete	complète
completee	complétée
completes	complètes
completion	complétion
complexite	complexité
composee	composée
comprehensibilite	compréhensibilité
comprehension	compréhension
compressibilite	compressibilité
concrete	concrète
concue	conçue
condensee	condensée
confirmees	confirmées
consequence	conséquence
conservee	conservée
considerer	considérer
continuite	continuité
controle	contrôle
controlee	contrôlée
controlees	contrôlées
controles	contrôles
cooperation	coopération
correlations	corrélations
corrigee	corrigée
corrigees	corrigées
createur	créateur
creatif	créatif
creation	création
creativite	créativité
credibilite	crédibilité
credible	crédible
cree	crée
creent	créent
creer	créer
creons	créons
critere	critère
criteres	critères
curiosite	curiosité
debit	débit
debut	début
decide	décide
decisif	décisif
decision	décision
decisions	décisions
declaree	déclarée
declarer	déclarer
declares	déclarés
declenche	déclenche
decoupage	découpage
decouverte	découverte
decouvertes	découvertes
decouvre	découvre
decouvrir	découvrir
decrire	décrire
decrit	décrit
decrite	décrite
decrivent	décrivent
dedoubler	dédoubler
deductibles	déductibles
deduire	déduire
deduit	déduit
defaut	défaut
defini	défini
definie	définie
definir	définir
definit	définit
definition	définition
definitions	définitions
definitivement	définitivement
deformation	déformation
deformer	déformer
degre	degré
degres	degrés
deja	déjà
deja-vu	déjà-vu
dejoue	déjoue
dejouer	déjouer
delai	délai
delicat	délicat
delimitee	délimitée
demandee	demandée
democratie	démocratie
democratique	démocratique
democratiser	démocratiser
demonstration	démonstration
demonstrative	démonstrative
demontre	démontre
densite	densité
depart	départ
depasse	dépasse
depassent	dépassent
depend	dépend
dependance	dépendance
dependent	dépendent
deplace	déplace
deplacee	déplacée
deplacement	déplacement
deplacer	déplacer
depossession	dépossession
derivee	dérivée
derivent	dérivent
desagrege	désagrège
desapprouver	désapprouver
desenchantement	désenchantement
desengageant	désengageant
designation	désignation
designe	désigne
desir	désir
desirable	désirable
desirables	désirables
desire	désire
desirer	désirer
destinees	destinées
detache	détache
detail	détail
detaillees	détaillées
details	détails
detecteur	détecteur
determinee	déterminée
detour	détour
detourner	détourner
detruiraient	détruiraient
detruire	détruire
detruisent	détruisent
detruit	détruit
developpe	développe
developpement	développement
devier	dévier
differe	diffère
difference	différence
differences	différences
differente	différente
differentes	différentes
differents	différents
difficulte	difficulté
difficultes	difficultés
dirigee	dirigée
disponibilite	disponibilité
distinguee	distinguée
distribuee	distribuée
diversite	diversité
donnee	donnée
donnees	données
duree	durée
durees	durées
durete	dureté
ecart	écart
ecarts	écarts
echantillonnage	échantillonnage
echantillonne	échantillonné
echantillonner	échantillonner
echappe	échappe
echapper	échapper
echec	échec
echecs	échecs
echelle	échelle
echelles	échelles
echo	écho
echoue	échoué
echouent	échouent
echouer	échouer
eclaire	éclaire
eclat	éclat
eclats	éclats
ecologie	écologie
economie	économie
economique	économique
ecoute	écoute
ecoutes	écoutes
ecrire	écrire
ecriture	écriture
effectuees	effectuées
efficacite	efficacité
egalement	également
elargie	élargie
element	élément
elements	éléments
eliminant	éliminant
elimine	élimine
elle-meme	elle-mémé
eloignee	éloignée
emerge	émerge
emergence	émergence
emergentes	émergentes
emerger	émerger
emergeraient	émergeraient
emet	émet
emission	émission
emmene	emmène
empeche	empêche
empecher	empêcher
empruntee	empruntée
energie	énergie
engagee	engagée
engendree	engendrée
engendrees	engendrées
enigmatique	énigmatique
enigme	énigme
enquete	enquête
enqueter	enquêter
enregistrees	enregistrées
entiere	entière
entierement	entièrement
entrainee	entraînée
enumerer	énumérer
epistemologique	épistémologique
epreuve	épreuve
eprouve	éprouve
eprouvee	éprouvée
eprouver	éprouver
epuise	épuisé
epuisee	épuisée
epuisement	épuisement
epuiser	épuiser
equilibre	équilibre
equivalence	équivalence
equivalente	équivalente
esthetique	esthétique
etabli	établi
etablir	établir
etablit	établit
etaient	étaient
etant	étant
etape	étape
etapes	étapes
etat	état
ete	été
etendue	étendue
ethologie	éthologie
etiquette	étiquette
etonnant	étonnant
etrangere	étrangère
etrangete	étrangeté
etre	être
etroit	étroit
etroite	étroite
etudier	étudier
evaluation	évaluation
evaluations	évaluations
evalue	évalue
evaluee	évaluée
evaluer	évaluer
evenement	évènement
evenements	événements
evidence	évidence
evidences	évidences
evident	évident
evidentes	évidentes
evite	évite
eviter	éviter
evoluer	évoluer
evolutif	évolutif
evolution	évolution
evolutive	évolutive
exagerent	exagèrent
excede	excède
exces	excès
execute	exécute
executee	exécutée
executer	exécuter
execution	exécution
exercee	exercée
experience	expérience
experiences	expériences
experimental	expérimental
experimentale	expérimentale
experimentaux	expérimentaux
exterieur	extérieur
exterieure	extérieure
exterieurs	extérieurs
extremites	extrémités
fabriquee	fabriquée
facon	façon
facons	façons
familiarite	familiarité
fecondes	fécondes
fecondite	fécondité
fermee	fermée
fidelite	fidélité
fixee	fixée
fluidite	fluidité
fluidites	fluidités
fondee	fondée
forcee	forcée
forme-memoire	forme-mémoire
formee	formée
formulee	formulée
fragilite	fragilité
france	France
frequence	fréquence
frequences	fréquences
frequent	fréquent
frequentes	fréquentes
frontiere	frontière
genealogies	généalogies
general	général
generale	générale
generalisation	généralisation
generalise	généralise
generaliser	généraliser
generalite	généralité
generateur	générateur
generateurs	générateurs
generatif	génératif
generatifs	génératifs
generation	génération
generative	générative
genere	génère
generer	générer
generes	génères
generique	générique
generiques	génériques
genese	genèse
genie	génie
geographique	géographique
grant	Grant
greffee	greffée
guidee	guidée
haydn	Haydn
hedoniste	hédoniste
herite	hérite
heritees	héritées
heritent	héritent
hesitation	hésitation
hesitations	hésitations
hesiter	hésiter
heterogenes	hétérogènes
hidden	Hidden
homogeneisation	homogénéisation
homogenes	homogènes
humilite	humilité
hypothese	hypothèse
hypotheses	hypothèses
ideal	idéal
idee	idée
idees	idées
identite	identité
ideologique	idéologique
ikea	Ikea
illegales	illégales
illimitee	illimitée
immediate	immédiate
immediatement	immédiatement
immediatete	immédiateté
immediats	immédiats
implementation	implémentation
implication-realisation	implication-réalisation
imposee	imposée
impossibilite	impossibilité
impossibilites	impossibilités
imprevisible	imprévisible
imprevisibles	imprévisibles
imprevu	imprévu
incoherence	incohérence
incompatibilite	incompatibilité
incorporee	incorporée
incorporees	incorporées
indecidable	indécidable
indefiniment	indéfiniment
independamment	indépendamment
independance	indépendance
independantes	indépendantes
independants	indépendants
indetectable	indétectable
indetermine	indéterminé
indeterminees	indéterminées
indifference	indifférence
inegaux	inégaux
inepuisablement	inépuisablement
inevitable	inévitable
inexpliquee	inexpliquée
inferer	inférer
ingerees	ingérées
ininteressante	inintéressante
inseparables	inséparables
instabilite	instabilité
instantanement	instantanément
integral	intégral
integralement	intégralement
integre	intégré
intelligibilite	intelligibilité
intensite	intensité
interactivite	interactivité
interet	intérêt
interieur	intérieur
interieure	intérieure
interpretable	interprétable
interpretation	interprétation
interpretations	interprétations
interpretee	interprétée
interpreter	interpréter
inventee	inventée
irregulier	irrégulier
irreversibilite	irréversibilité
isolee	isolée
kauffman	Kauffman
kelly	Kelly
kevin	Kévin
legales	légales
legalite	légalité
leger	léger
legerement	légèrement
legitimes	légitimes
legitimite	légitimité
levee	levée
liberte	liberté
liee	liée
lineaire	linéaire
liquefaction	liquéfaction
litteraire	littéraire
litterale	littérale
lovely	Lovely
lucia	Lucia
lui-meme	lui-mème
maitrisee	maîtrisée
malgre	malgré
maniere	manière
manieres	manières
markov	Markov
materiau	matériau
materiaux	matériaux
materielle	matérielle
materielles	matérielles
mathematique	mathématique
mathematiques	mathématiques
matiere	matière
matieres	matières
mclaughlin	Mclaughlin
mecanisme	mécanisme
mecanismes	mécanismes
medias	médias
mediocre	médiocre
melodie	mélodie
melodie-harmonie	mélodie-harmonie
melodies	mélodies
melodique	mélodique
melodiques	mélodiques
meme	même
memoire	mémoire
memorable	mémorable
menard	Ménard
merite	mérite
metallica	Metallica
methode	méthode
methodologique	méthodologique
metre	mètre
micro-decision	micro-décision
micro-difficulte	micro-difficulté
micro-emotion	micro-émotion
micro-emotions	micro-émotions
mimetique	mimétique
mnemonique	mnémonique
mobilite	mobilité
modalite	modalité
modeles	modèles
modelisee	modélisée
modeliser	modéliser
momentanement	momentanément
monetisation	monétisation
montees	montées
multiplicite	multiplicité
mystere	mystère
naive	naïve
naivete	naïveté
necessaire	nécessaire
necessairement	nécessairement
necessaires	nécessaires
necessite	nécessite
necessites	nécessites
negociation	négociation
negocie	négocie
negociees	négociées
negocient	négocient
negocier	négocier
nino	Nino
non-realisation	non-réalisation
non-repetitif	non-répétitif
non-repetition	non-répétition
nouveaute	nouveauté
nuancee	nuancée
numerique	numérique
numeriques	numériques
obscurite	obscurité
observee	observée
opacite	opacité
operateur	opérateur
operation	opération
operationnel	opérationnel
operationnelle	opérationnelle
operations	opérations
opere	opère
operer	opérer
opposees	opposées
ordonnees	ordonnées
organisee	organisée
orientee	orientée
originalite	originalité
parametre	paramètre
parametres	paramètres
partagee	partagée
particuliere	particulière
particulierement	particulièrement
pauvrete	pauvreté
pedale	pédalé
pensee	pensée
pensees	pensées
percoit	perçoit
percu	perçu
percue	perçue
periodique	périodique
peut-etre	peut-être
phenomene	phénomène
phenomenes	phénomènes
phenomenologie	phénoménologie
phenomenologique	phénoménologique
pieces	pièces
plausibilite	plausibilité
pluralite	pluralité
plutot	plutôt
popularite	popularité
portee	portée
posee	posée
possede	possède
possedent	possèdent
posseder	posséder
possibilite	possibilité
possibilites	possibilités
prealable	préalable
precedait	précédait
precede	précède
precedent	précédent
precedents	précédents
preceder	précéder
precis	précis
precise	précise
precisement	précisément
preciser	préciser
precision	précision
prediction	prédiction
predictions	prédictions
predictive	prédictive
predire	prédire
predit	prédît
preexistant	préexistant
preexistante	préexistante
prefere	préfère
preference	préférence
preferences	préférences
preferent	préfèrent
preferes	préfères
prefixe	préfixe
premiere	première
premieres	premières
preparait	préparait
preparation	préparation
prepare	prépare
preparee	préparée
preparent	préparent
preparer	préparer
pres	près
presence	présence
present	présent
presente	présente
presenter	présenter
presentes	présentes
presents	présents
preserve	préserve
preserver	préserver
press	Press
presuppose	présupposé
presupposer	présupposer
presupposes	présupposés
pretend	prétend
pretendre	prétendre
previsible	prévisible
previsibles	prévisibles
privee	privée
privilege	privilège
privilegie	privilégié
probabilite	probabilité
probleme	problème
problemes	problèmes
procede	procédé
procedes	procédés
procedure	procédure
progres	progrès
proliferation	prolifération
proliferent	prolifèrent
proposee	proposée
propriete	propriété
proprietes	propriétés
protege	protège
protegee	protégée
pseudo-fluidite	pseudo-fluidité
pseudo-virtuosite	pseudo-virtuosité
pseudo-virtuosites	pseudo-virtuosités
qualifiee	qualifiée
qualite	qualité
qualites	qualités
quantite	quantité
ramenent	ramènent
rapprochees	rapprochées
rarete	rareté
ratee	ratée
ratees	ratées
reaction	réaction
reactions	réactions
reagir	réagir
realisation	réalisation
realise	réalise
realisee	réalisée
realite	réalité
reapparaitre	réapparaître
reception	réception
reciproquement	réciproquement
recit	récit
recoit	reçoit
recompense	récompense
recompenses	récompenses
reconcilier	réconcilier
recurrence	récurrence
recurrentes	récurrentes
reductibles	réductibles
reduction	réduction
reductions	réductions
reduire	réduire
reduise	réduise
reduisent	réduisent
reduit	réduit
reecoute	réécoute
reel	réel
reelle	réelle
reellement	réellement
reelles	réelles
references	références
reflexif	réflexif
reflexifs	réflexifs
reflexive	réflexive
reflexivite	réflexivité
refusees	refusées
regime	régime
regimes	régimes
region	région
reglage	réglage
regle	règle
regles	règles
regularite	régularité
regularites	régularités
regulier	régulier
reguliere	régulière
reification	réification
reifier	réifier
reinjecte	réinjecté
reinterpreter	réinterpréter
rejete	rejeté
relacher	relâcher
relativite	relativité
rencontrees	rencontrées
renouvelee	renouvelée
reorganisation	réorganisation
reorganiser	réorganiser
repare	répare
repartition	répartition
repertories	répertories
repete	répète
repetee	répétée
repeter	répéter
repetition	répétition
repetitions	répétitions
repond	répond
repondent	répondent
repondre	répondre
reponse	réponse
reponses	réponses
representation	représentation
representations	représentations
represente	représente
representent	représentent
representer	représenter
reputation	réputation
repute	réputé
requete	requête
reseau	réseau
reseaux	réseaux
reserve	réservé
reside	réside
resider	résider
resistance	résistance
resistances	résistances
resiste	résiste
resolu	résolu
resolue	résolue
resolution	résolution
resolutions	résolutions
resolvent	résolvent
resoudre	résoudre
resout	résout
responsabilite	responsabilité
resultat	résultat
resultats	résultats
resulte	résulte
resume	résumé
resumer	résumer
retrospectif	rétrospectif
retrospectivement	rétrospectivement
retrouvee	retrouvée
reussi	réussi
reussie	réussie
reussies	réussies
reussit	réussit
reutilisable	réutilisable
reutiliser	réutiliser
reveillent	réveillent
revele	révèle
reveler	révéler
revision	révision
risquee	risquée
risquees	risquées
rita	Rita
role	rôle
roles	rôles
sanctionnee	sanctionnée
scenarios	scénarios
scene	scène
scenes	scènes
schemas	schémas
scientific	Scientific
seduction	séduction
seduire	séduire
seduisent	séduisent
seduit	séduit
selection	Selection
selectionne	sélectionne
selectionnees	sélectionnées
selectionnent	sélectionnent
selectionner	sélectionner
semantiquement	sémantiquement
semantiques	sémantiques
sensibilite	sensibilité
separation	séparation
separe	sépare
separement	séparément
separer	séparer
separes	séparés
septieme	septième
sequence	séquence
sequences	séquences
sequentielle	séquentielle
serie	série
severement	sévèrement
shannon	Shannon
similarite	similarité
similarites	similarités
simplicite	simplicité
simultanement	simultanément
sincerement	sincèrement
singularite	singularité
singuliere	singulière
singulieres	singulières
situee	située
situees	situées
soi-meme	soi-mémé
solidarite	solidarité
soulevement	soulèvement
specialise	spécialisé
specialisee	spécialisée
specification	spécification
specifiee	spécifiée
specifiquement	spécifiquement
specifiques	spécifiques
stabilite	stabilité
state	State
strategie	stratégie
structuree	structurée
succes	succès
suggere	suggère
superiorite	supériorité
superposee	superposée
supervisee	supervisée
supplement	supplément
supplementaire	supplémentaire
surmontees	surmontées
symetrique	symétrique
symptome	symptôme
synthese	synthèse
systeme	système
systemes	systèmes
televisuels	télévisuels
temoignage	témoignage
temoignages	témoignages
temoin	témoin
temporalite	temporalité
tete	tête
theme	thème
theoremes	théorèmes
theorie	théorie
theories	théories
theorique	théorique
these	thèse
tot	tôt
transfere	transfère
transformee	transformée
transformees	transformées
tres	très
trivialite	trivialité
troisieme	troisième
trouvee	trouvée
ubiquite	ubiquité
ulterieur	ultérieur
ulterieure	ultérieure
unite	unité
unites	unités
universalite	universalité
utilisee	utilisée
utilite	utilité
validite	validité
variete	variété
verifie	vérifie
verifier	vérifier
verifies	vérifies
veritable	véritable
veritablement	véritablement
verite	vérité
virtuosite	virtuosité
vulnerable	vulnérable
walsh	Walsh
will	Will
york	York
